id,process_id,company,pankou,chupan_home_rating,chupan_pankou,chupan_away_rating,instant_home_rating,instant_pankou,instant_away_rating
1,49,ManbetX,盘口1,0.89,一球/球半,1.01,0.84,一球/球半,1.06
2,49,ManbetX,盘口2,1.16,球半,0.76,1.11,球半,0.80
3,49,ManbetX,盘口3,0.60,一球,1.42,0.56,一球,1.51
4,49,Crown,盘口1,0.94,一球/球半,0.94,0.83,一球/球半,1.05
5,49,Crown,盘口2,0.66,一球,1.28,0.55,一球,1.49
6,49,Crown,盘口3,1.14,球半,0.75,1.09,球半,0.79
7,49,Bet365,盘口1,1.07,一球/球半,0.86,0.85,一球/球半,1.08
8,49,Bet365,盘口2,0.68,一球,1.15,0.50,一球,1.50
9,49,Bet365,盘口3,1.25,球半,0.62,1.08,球半,0.73
10,49,Bet365,盘口4,1.67,球半/两球,0.45,1.38,球半/两球,0.55
11,49,韦德,盘口1,0.93,一球/球半,0.98,0.86,一球/球半,1.07
12,49,韦德,盘口2,1.22,球半,0.75,1.13,球半,0.80
13,49,韦德,盘口3,0.64,一球,1.43,0.56,一球,1.59
14,49,明陞,盘口1,0.85,半球/一球,1.05,0.83,一球/球半,1.10
15,49,明陞,盘口2,1.23,球半,0.73,1.11,球半,0.82
16,49,10BET,盘口1,0.85,半球/一球,1.04,0.84,一球/球半,1.06
17,49,10BET,盘口2,0.70,一球,1.21,1.08,球半,0.79
18,49,10BET,盘口3,1.31,球半,0.65,0.63,一球,1.35
19,49,10BET,盘口4,1.60,球半/两球,0.52,1.59,球半/两球,0.53
20,49,金宝博,盘口1,1.05,一球/球半,0.85,0.84,一球/球半,1.06
21,49,金宝博,盘口2,0.70,一球,1.25,1.11,球半,0.80
22,49,金宝博,盘口3,0.60,一球,1.42,0.56,一球,1.51
23,49,12bet,盘口1,0.85,半球/一球,1.05,0.83,一球/球半,1.10
24,49,12bet,盘口2,1.23,球半,0.73,1.11,球半,0.82
25,49,利记,盘口1,1.03,一球/球半,0.87,0.85,一球/球半,1.07
26,49,利记,盘口2,1.17,球半,0.77,1.14,球半,0.79
27,49,盈禾,盘口1,1.04,一球/球半,0.85,0.84,一球/球半,1.05
28,49,盈禾,盘口2,0.70,一球,1.24,1.11,球半,0.79
29,49,盈禾,盘口3,0.60,一球,1.41,0.56,一球,1.50
30,49,盈禾,盘口4,0.60,一球,1.41,0.56,一球,1.50
31,49,18Bet,盘口1,1.03,一球/球半,0.87,0.83,一球/球半,1.07
32,49,18Bet,盘口2,0.71,一球,1.23,1.11,球半,0.79
33,49,18Bet,盘口3,0.61,一球,1.40,0.56,一球,1.51
34,50,ManbetX,盘口1,1.01,受让半球/一球,0.89,0.97,受让半球/一球,0.93
35,50,ManbetX,盘口2,0.71,受让一球,1.23,1.21,受让半球,0.72
36,50,ManbetX,盘口3,1.28,受让半球,0.68,0.68,受让一球,1.28
37,50,Crown,盘口1,1.00,受让半球/一球,0.88,0.96,受让半球/一球,0.92
38,50,Crown,盘口2,0.71,受让一球,1.20,0.66,受让一球,1.28
39,50,Crown,盘口3,1.25,受让半球,0.68,1.20,受让半球,0.71
40,50,Bet365,盘口1,0.76,受让一球,1.19,0.99,受让半球/一球,0.94
41,50,Bet365,盘口2,1.00,受让半球/一球,0.80,1.15,受让半球,0.68
42,50,Bet365,盘口3,0.55,受让一球/球半,1.38,0.62,受让一球,1.25
43,50,Bet365,盘口4,0.43,受让球半,1.75,0.47,受让一球/球半,1.60
44,50,韦德,盘口1,1.00,受让半球/一球,0.90,0.97,受让半球/一球,0.94
45,50,韦德,盘口2,0.70,受让一球,1.28,1.26,受让半球,0.71
46,50,韦德,盘口3,1.31,受让半球,0.70,0.67,受让一球,1.33
47,50,明陞,盘口1,0.95,受让一球,0.95,0.98,受让半球/一球,0.94
48,50,明陞,盘口2,0.67,受让一球,1.33,0.70,受让一球,1.28
49,50,10BET,盘口1,0.95,受让一球,0.95,0.97,受让半球/一球,0.93
50,50,10BET,盘口2,1.27,受让半球/一球,0.67,1.17,受让半球,0.72
51,50,10BET,盘口3,0.66,受让一球/球半,1.29,1.23,受让半球,0.69
52,50,10BET,盘口4,0.52,受让一球/球半,1.62,0.52,受让一球/球半,1.61
53,50,金宝博,盘口1,0.95,受让一球,0.95,0.97,受让半球/一球,0.93
54,50,金宝博,盘口2,0.73,受让一球,1.20,1.21,受让半球,0.72
55,50,金宝博,盘口3,1.26,受让半球,0.69,0.68,受让一球,1.28
56,50,12bet,盘口1,0.95,受让一球,0.95,0.98,受让半球/一球,0.94
57,50,12bet,盘口2,0.67,受让一球,1.33,0.70,受让一球,1.28
58,50,利记,盘口1,0.92,受让一球,0.98,0.99,受让半球/一球,0.93
59,50,利记,盘口2,0.67,受让一球,1.33,0.67,受让一球,1.33
60,50,盈禾,盘口1,0.84,受让一球,1.05,0.97,受让半球/一球,0.92
61,50,盈禾,盘口2,0.73,受让一球,1.19,1.21,受让半球,0.71
62,50,盈禾,盘口3,1.26,受让半球,0.68,0.67,受让一球,1.28
63,50,盈禾,盘口4,0.67,受让一球,1.28,0.67,受让一球,1.28
64,50,18Bet,盘口1,0.73,受让一球,1.21,0.97,受让半球/一球,0.92
65,50,18Bet,盘口2,0.72,受让一球,1.22,1.21,受让半球,0.72
66,50,18Bet,盘口3,1.26,受让半球,0.69,0.68,受让一球,1.30
67,51,ManbetX,盘口1,0.88,半球,1.02,0.85,半球,1.05
68,51,ManbetX,盘口2,1.16,半球/一球,0.76,1.12,半球/一球,0.79
69,51,Crown,盘口1,1.14,半球/一球,0.75,0.85,半球,1.03
70,51,Crown,盘口2,1.14,半球/一球,0.75,1.11,半球/一球,0.78
71,51,Bet365,盘口1,0.92,半球,1.01,0.88,半球,1.05
72,51,Bet365,盘口2,0.60,平手/半球,1.30,0.57,平手/半球,1.35
73,51,Bet365,盘口3,1.10,半球/一球,0.70,1.08,半球/一球,0.73
74,51,Bet365,盘口4,1.67,一球,0.45,1.60,一球,0.47
75,51,韦德,盘口1,0.90,半球,1.02,0.89,半球,1.03
76,51,韦德,盘口2,1.20,半球/一球,0.76,1.17,半球/一球,0.77
77,51,韦德,盘口3,0.64,平手/半球,1.42,0.63,平手/半球,1.42
78,51,明陞,盘口1,1.09,半球/一球,0.82,0.87,半球,1.03
79,51,10BET,盘口1,1.08,半球/一球,0.83,0.87,半球,1.03
80,51,10BET,盘口2,1.09,半球/一球,0.78,1.14,半球/一球,0.74
81,51,10BET,盘口3,0.61,平手/半球,1.39,0.61,平手/半球,1.39
82,51,10BET,盘口4,1.76,一球,0.47,1.76,一球,0.47
83,51,金宝博,盘口1,1.17,半球/一球,0.75,0.85,半球,1.05
84,51,金宝博,盘口2,1.16,半球/一球,0.76,1.12,半球/一球,0.79
85,51,金宝博,盘口3,0.95,平手,0.95,0.95,平手,0.95
86,51,12bet,盘口1,1.09,半球/一球,0.82,0.87,半球,1.03
87,51,利记,盘口1,0.85,半球,1.05,0.86,半球,1.04
88,51,盈禾,盘口1,1.16,半球/一球,0.75,0.86,半球,1.03
89,51,盈禾,盘口2,1.16,半球/一球,0.75,1.12,半球/一球,0.78
90,51,盈禾,盘口3,1.12,半球/一球,0.78,1.12,半球/一球,0.78
91,51,18Bet,盘口1,1.11,半球/一球,0.80,0.85,半球,1.03
92,51,18Bet,盘口2,1.12,半球/一球,0.79,1.12,半球/一球,0.79
93,52,ManbetX,盘口1,0.87,球半,1.03,0.87,球半,1.03
94,52,ManbetX,盘口2,1.11,球半/两球,0.80,1.11,球半/两球,0.80
95,52,Crown,盘口1,0.88,球半,1.00,0.86,球半,1.02
96,52,Crown,盘口2,1.12,球半/两球,0.77,1.09,球半/两球,0.79
97,52,Bet365,盘口1,0.90,球半,1.03,0.89,球半,1.04
98,52,Bet365,盘口2,0.62,一球/球半,1.25,0.62,一球/球半,1.25
99,52,Bet365,盘口3,1.08,球半/两球,0.73,1.08,球半/两球,0.73
100,52,Bet365,盘口4,1.50,两球,0.50,1.42,两球,0.52
101,52,韦德,盘口1,0.90,球半,1.02,0.87,球半,1.05
102,52,韦德,盘口2,1.16,球半/两球,0.79,1.11,球半/两球,0.81
103,52,韦德,盘口3,0.67,一球/球半,1.36,0.63,一球/球半,1.41
104,52,明陞,盘口1,0.90,球半,1.00,0.90,球半,1.00
105,52,10BET,盘口1,0.90,球半,1.00,0.90,球半,1.00
106,52,10BET,盘口2,1.12,球半/两球,0.76,1.12,球半/两球,0.76
107,52,10BET,盘口3,0.64,一球/球半,1.33,0.64,一球/球半,1.33
108,52,10BET,盘口4,1.59,两球,0.53,1.59,两球,0.53
109,52,金宝博,盘口1,0.89,球半,1.01,0.87,球半,1.03
110,52,金宝博,盘口2,1.13,球半/两球,0.78,1.11,球半/两球,0.80
111,52,12bet,盘口1,0.90,球半,1.00,0.90,球半,1.00
112,52,利记,盘口1,0.85,球半,1.05,0.85,球半,1.05
113,52,盈禾,盘口1,0.89,球半,1.00,0.87,球半,1.02
114,52,盈禾,盘口2,1.13,球半/两球,0.77,1.11,球半/两球,0.79
115,52,盈禾,盘口3,1.11,球半/两球,0.79,1.11,球半/两球,0.79
116,52,18Bet,盘口1,0.90,球半,1.00,0.87,球半,1.01
117,52,18Bet,盘口2,1.13,球半/两球,0.78,1.11,球半/两球,0.80
118,53,韦德,盘口1,0.92,受让半球/一球,1.00,0.91,受让半球/一球,1.01
119,53,韦德,盘口2,1.20,受让半球,0.76,1.18,受让半球,0.76
120,53,韦德,盘口3,0.62,受让一球,1.46,0.62,受让一球,1.45
121,54,韦德,盘口1,0.81,受让平手/半球,1.14,0.80,受让平手/半球,1.14
122,54,韦德,盘口2,1.18,平手,0.77,1.16,平手,0.77
123,54,韦德,盘口3,0.61,受让半球,1.50,0.60,受让半球,1.48
124,55,ManbetX,盘口1,0.99,平手/半球,0.91,0.97,平手/半球,0.93
125,55,ManbetX,盘口2,1.29,半球,0.67,1.28,半球,0.68
126,55,ManbetX,盘口3,0.65,平手,1.33,0.64,平手,1.35
127,55,Crown,盘口1,0.98,平手/半球,0.90,0.97,平手/半球,0.91
128,55,Crown,盘口2,0.64,平手,1.31,0.63,平手,1.33
129,55,Crown,盘口3,1.29,半球,0.65,1.26,半球,0.67
130,55,Bet365,盘口1,0.98,平手/半球,0.95,0.98,平手/半球,0.95
131,55,Bet365,盘口2,0.55,平手,1.38,0.55,平手,1.38
132,55,Bet365,盘口3,1.25,半球,0.62,1.25,半球,0.62
133,55,Bet365,盘口4,1.67,半球/一球,0.45,1.67,半球/一球,0.45
134,55,韦德,盘口1,1.00,平手/半球,0.90,0.99,平手/半球,0.92
135,55,韦德,盘口2,1.36,半球,0.67,1.33,半球,0.68
136,55,韦德,盘口3,0.64,平手,1.40,0.63,平手,1.42
137,55,明陞,盘口1,0.90,平手/半球,1.00,0.98,平手/半球,0.94
138,55,明陞,盘口2,0.67,平手,1.33,1.32,半球,0.68
139,55,10BET,盘口1,0.90,平手/半球,1.00,0.98,平手/半球,0.91
140,55,10BET,盘口2,1.22,半球,0.70,1.31,半球,0.65
141,55,10BET,盘口3,0.57,平手,1.47,0.62,平手,1.36
142,55,10BET,盘口4,1.87,半球/一球,0.44,1.87,半球/一球,0.44
143,55,金宝博,盘口1,0.88,平手/半球,1.02,0.97,平手/半球,0.93
144,55,金宝博,盘口2,0.65,平手,1.33,1.28,半球,0.68
145,55,金宝博,盘口3,0.65,平手,1.33,0.64,平手,1.35
146,55,12bet,盘口1,0.90,平手/半球,1.00,0.98,平手/半球,0.94
147,55,12bet,盘口2,0.67,平手,1.33,1.32,半球,0.68
148,55,利记,盘口1,0.85,平手/半球,1.05,0.97,平手/半球,0.95
149,55,利记,盘口2,0.68,平手,1.31,0.64,平手,1.38
150,55,盈禾,盘口1,0.91,平手/半球,0.98,0.98,平手/半球,0.91
151,55,盈禾,盘口2,0.65,平手,1.32,1.28,半球,0.67
152,55,盈禾,盘口3,0.65,平手,1.32,0.64,平手,1.34
153,55,盈禾,盘口4,0.65,平手,1.32,0.64,平手,1.34
154,55,18Bet,盘口1,1.00,平手/半球,0.90,0.96,平手/半球,0.93
155,55,18Bet,盘口2,1.31,半球,0.66,1.29,半球,0.68
156,55,18Bet,盘口3,0.65,平手,1.33,0.64,平手,1.36
157,56,ManbetX,盘口1,1.00,受让半球,0.90,1.00,受让半球,0.90
158,56,ManbetX,盘口2,0.75,受让半球/一球,1.17,0.75,受让半球/一球,1.17
159,56,ManbetX,盘口3,1.31,受让平手/半球,0.66,1.31,受让平手/半球,0.66
160,56,Crown,盘口1,1.00,受让半球,0.88,0.98,受让半球,0.90
161,56,Crown,盘口2,0.75,受让半球/一球,1.14,0.73,受让半球/一球,1.17
162,56,Crown,盘口3,1.31,受让平手/半球,0.64,1.29,受让平手/半球,0.65
163,56,Bet365,盘口1,1.05,受让半球,0.88,1.00,受让半球,0.93
164,56,Bet365,盘口2,1.30,受让平手/半球,0.60,1.25,受让平手/半球,0.62
165,56,Bet365,盘口3,0.73,受让半球/一球,1.08,0.68,受让半球/一球,1.15
166,56,Bet365,盘口4,0.50,受让一球,1.50,0.45,受让一球,1.67
167,56,韦德,盘口1,1.03,受让半球,0.89,0.98,受让半球,0.93
168,56,韦德,盘口2,0.77,受让半球/一球,1.18,0.72,受让半球/一球,1.24
169,56,韦德,盘口3,1.43,受让平手/半球,0.64,1.33,受让平手/半球,0.67
170,56,明陞,盘口1,1.05,受让半球,0.85,1.00,受让半球,0.92
171,56,明陞,盘口2,0.69,受让半球/一球,1.30,0.70,受让半球/一球,1.28
172,56,10BET,盘口1,1.04,受让半球,0.85,0.99,受让半球,0.90
173,56,10BET,盘口2,0.80,受让半球/一球,1.07,0.69,受让半球/一球,1.22
174,56,10BET,盘口3,1.45,受让平手/半球,0.58,1.39,受让平手/半球,0.61
175,56,10BET,盘口4,0.50,受让一球,1.67,0.50,受让一球,1.67
176,56,金宝博,盘口1,1.05,受让半球,0.85,1.00,受让半球,0.90
177,56,金宝博,盘口2,0.77,受让半球/一球,1.14,0.75,受让半球/一球,1.17
178,56,金宝博,盘口3,1.33,受让平手/半球,0.65,1.31,受让平手/半球,0.66
179,56,12bet,盘口1,1.05,受让半球,0.85,1.00,受让半球,0.92
180,56,12bet,盘口2,0.69,受让半球/一球,1.30,0.70,受让半球/一球,1.28
181,56,利记,盘口1,1.03,受让半球,0.87,0.97,受让半球,0.95
182,56,利记,盘口2,0.72,受让半球/一球,1.25,0.72,受让半球/一球,1.25
183,56,盈禾,盘口1,1.04,受让半球,0.85,0.99,受让半球,0.90
184,56,盈禾,盘口2,0.76,受让半球/一球,1.15,0.74,受让半球/一球,1.18
185,56,盈禾,盘口3,1.33,受让平手/半球,0.64,1.31,受让平手/半球,0.65
186,56,盈禾,盘口4,1.31,受让平手/半球,0.65,1.31,受让平手/半球,0.65
187,56,18Bet,盘口1,1.02,受让半球,0.88,0.97,受让半球,0.91
188,56,18Bet,盘口2,0.76,受让半球/一球,1.16,0.71,受让半球/一球,1.23
189,56,18Bet,盘口3,1.33,受让平手/半球,0.65,1.31,受让平手/半球,0.66
190,57,ManbetX,盘口1,0.97,一球,0.93,0.97,一球,0.93
191,57,ManbetX,盘口2,0.70,半球/一球,1.25,0.70,半球/一球,1.25
192,57,Crown,盘口1,0.97,一球,0.91,0.95,一球,0.93
193,57,Crown,盘口2,0.68,半球/一球,1.25,0.69,半球/一球,1.23
194,57,Bet365,盘口1,0.99,一球,0.94,0.99,一球,0.94
195,57,Bet365,盘口2,0.62,半球/一球,1.25,0.62,半球/一球,1.25
196,57,Bet365,盘口3,1.20,一球/球半,0.65,1.20,一球/球半,0.65
197,57,Bet365,盘口4,1.42,球半,0.52,1.42,球半,0.52
198,57,韦德,盘口1,0.98,一球,0.93,1.00,一球,0.92
199,57,韦德,盘口2,0.71,半球/一球,1.28,0.71,半球/一球,1.26
200,57,韦德,盘口3,1.34,一球/球半,0.68,1.35,一球/球半,0.66
201,57,明陞,盘口1,1.05,一球,0.85,0.98,一球,0.92
202,57,10BET,盘口1,1.04,一球,0.85,0.98,一球,0.91
203,57,10BET,盘口2,1.29,一球/球半,0.66,0.68,半球/一球,1.25
204,57,10BET,盘口3,1.35,一球/球半,0.63,1.35,一球/球半,0.63
205,57,10BET,盘口4,0.52,半球,1.61,0.52,半球,1.61
206,57,金宝博,盘口1,1.05,一球,0.85,0.97,一球,0.93
207,57,金宝博,盘口2,0.69,半球/一球,1.26,0.70,半球/一球,1.25
208,57,12bet,盘口1,1.05,一球,0.85,0.98,一球,0.92
209,57,利记,盘口1,1.03,一球,0.87,0.97,一球,0.93
210,57,盈禾,盘口1,1.04,一球,0.85,0.96,一球,0.93
211,57,盈禾,盘口2,0.69,半球/一球,1.25,0.70,半球/一球,1.24
212,57,盈禾,盘口3,0.70,半球/一球,1.24,0.70,半球/一球,1.24
213,57,18Bet,盘口1,1.05,一球,0.85,0.96,一球,0.92
214,57,18Bet,盘口2,0.69,半球/一球,1.26,0.70,半球/一球,1.25
215,58,ManbetX,盘口1,1.04,受让球半/两球,0.86,1.03,受让球半/两球,0.87
216,58,ManbetX,盘口2,0.78,受让两球,1.13,0.76,受让两球,1.16
217,58,Crown,盘口1,1.04,受让球半/两球,0.84,1.02,受让球半/两球,0.86
218,58,Crown,盘口2,0.76,受让两球,1.13,0.75,受让两球,1.14
219,58,Bet365,盘口1,1.05,受让球半/两球,0.88,1.05,受让球半/两球,0.88
220,58,Bet365,盘口2,1.20,受让球半,0.65,1.20,受让球半,0.65
221,58,Bet365,盘口3,0.70,受让两球,1.10,0.70,受让两球,1.10
222,58,Bet365,盘口4,0.55,受让两球/两球半,1.38,0.55,受让两球/两球半,1.38
223,58,韦德,盘口1,1.05,受让球半/两球,0.87,1.08,受让球半/两球,0.85
224,58,韦德,盘口2,0.77,受让两球,1.19,0.79,受让两球,1.14
225,58,韦德,盘口3,1.32,受让球半,0.69,1.34,受让球半,0.67
226,58,明陞,盘口1,1.11,受让球半/两球,0.80,1.03,受让球半/两球,0.87
227,58,10BET,盘口1,1.10,受让球半/两球,0.81,1.03,受让球半/两球,0.87
228,58,10BET,盘口2,0.74,受让两球,1.15,0.74,受让两球,1.15
229,58,10BET,盘口3,1.29,受让球半,0.66,1.29,受让球半,0.66
230,58,10BET,盘口4,0.56,受让两球/两球半,1.50,0.56,受让两球/两球半,1.50
231,58,金宝博,盘口1,1.09,受让球半/两球,0.81,1.03,受让球半/两球,0.87
232,58,金宝博,盘口2,0.77,受让两球,1.14,0.76,受让两球,1.16
233,58,12bet,盘口1,1.11,受让球半/两球,0.80,1.03,受让球半/两球,0.87
234,58,利记,盘口1,1.06,受让球半/两球,0.84,1.04,受让球半/两球,0.86
235,58,盈禾,盘口1,1.09,受让球半/两球,0.80,1.03,受让球半/两球,0.86
236,58,盈禾,盘口2,0.77,受让两球,1.13,0.76,受让两球,1.15
237,58,盈禾,盘口3,0.76,受让两球,1.15,0.76,受让两球,1.15
238,58,18Bet,盘口1,1.11,受让球半/两球,0.80,1.02,受让球半/两球,0.86
239,58,18Bet,盘口2,0.76,受让两球,1.16,0.76,受让两球,1.16
240,59,韦德,盘口1,1.00,受让一球/球半,0.92,1.00,受让一球/球半,0.92
241,59,韦德,盘口2,0.76,受让球半,1.20,0.75,受让球半,1.20
242,59,韦德,盘口3,1.46,受让一球,0.62,1.44,受让一球,0.62
243,60,韦德,盘口1,0.96,一球/球半,0.95,0.97,一球/球半,0.94
244,60,韦德,盘口2,1.25,球半,0.73,1.24,球半,0.72
245,60,韦德,盘口3,0.67,一球,1.36,0.67,一球,1.34
246,61,ManbetX,盘口1,0.99,球半/两球,0.91,0.99,球半/两球,0.91
247,61,ManbetX,盘口2,0.76,球半,1.16,0.76,球半,1.16
248,61,ManbetX,盘口3,1.31,两球,0.66,1.31,两球,0.66
249,61,Crown,盘口1,0.98,球半/两球,0.90,0.97,球半/两球,0.91
250,61,Crown,盘口2,0.77,球半,1.12,0.76,球半,1.13
251,61,Crown,盘口3,1.31,两球,0.64,1.29,两球,0.65
252,61,Bet365,盘口1,1.04,球半/两球,0.89,1.01,球半/两球,0.92
253,61,Bet365,盘口2,0.75,球半,1.05,0.73,球半,1.08
254,61,Bet365,盘口3,1.30,两球,0.60,1.25,两球,0.62
255,61,Bet365,盘口4,1.60,两球/两球半,0.47,1.50,两球/两球半,0.50
256,61,韦德,盘口1,1.00,球半/两球,0.90,1.00,球半/两球,0.92
257,61,韦德,盘口2,0.78,球半,1.15,0.77,球半,1.16
258,61,韦德,盘口3,1.40,两球,0.65,1.38,两球,0.65
259,61,明陞,盘口1,1.00,一球/球半,0.90,1.02,球半/两球,0.90
260,61,明陞,盘口2,0.76,球半,1.19,0.76,球半,1.19
261,61,10BET,盘口1,0.63,一球/球半,1.41,1.00,球半/两球,0.90
262,61,10BET,盘口2,0.61,一球/球半,1.38,0.74,球半,1.15
263,61,10BET,盘口3,1.34,两球,0.63,1.34,两球,0.63
264,61,10BET,盘口4,0.54,一球/球半,1.55,0.54,一球/球半,1.53
265,61,金宝博,盘口1,1.05,球半/两球,0.85,0.99,球半/两球,0.91
266,61,金宝博,盘口2,0.77,球半,1.14,0.76,球半,1.16
267,61,金宝博,盘口3,1.33,两球,0.65,1.31,两球,0.66
268,61,12bet,盘口1,1.00,一球/球半,0.90,1.02,球半/两球,0.90
269,61,12bet,盘口2,0.76,球半,1.19,0.76,球半,1.19
270,61,利记,盘口1,1.00,球半/两球,0.90,1.01,球半/两球,0.91
271,61,利记,盘口2,0.72,球半,1.25,0.74,球半,1.21
272,61,盈禾,盘口1,1.04,球半/两球,0.85,0.98,球半/两球,0.91
273,61,盈禾,盘口2,0.78,球半,1.12,0.77,球半,1.13
274,61,盈禾,盘口3,1.33,两球,0.64,1.31,两球,0.65
275,61,盈禾,盘口4,0.77,球半,1.13,1.31,两球,0.65
276,61,18Bet,盘口1,1.00,球半/两球,0.90,0.99,球半/两球,0.90
277,61,18Bet,盘口2,0.80,球半,1.11,0.75,球半,1.18
278,61,18Bet,盘口3,1.33,两球,0.65,1.31,两球,0.66
279,62,ManbetX,盘口1,1.11,受让平手/半球,0.80,1.07,受让平手/半球,0.83
280,62,ManbetX,盘口2,0.80,受让半球,1.11,0.80,受让半球,1.11
281,62,ManbetX,盘口3,0.61,受让半球/一球,1.40,0.59,受让半球/一球,1.44
282,62,Crown,盘口1,1.00,受让平手/半球,0.88,1.05,受让平手/半球,0.83
283,62,Crown,盘口2,0.75,受让半球,1.14,0.58,受让半球/一球,1.42
284,62,Crown,盘口3,0.80,受让半球,1.08,0.79,受让半球,1.09
285,62,Bet365,盘口1,1.05,受让平手/半球,0.88,1.10,受让平手/半球,0.83
286,62,Bet365,盘口2,1.42,平手,0.52,1.50,平手,0.50
287,62,Bet365,盘口3,0.70,受让半球,1.10,0.75,受让半球,1.05
288,62,Bet365,盘口4,0.50,受让半球/一球,1.50,0.55,受让半球/一球,1.38
289,62,韦德,盘口1,1.01,受让平手/半球,0.89,1.09,受让平手/半球,0.84
290,62,韦德,盘口2,0.75,受让半球,1.19,0.80,受让半球,1.12
291,62,韦德,盘口3,1.57,平手,0.58,1.66,平手,0.54
292,62,明陞,盘口1,0.95,受让平手/半球,0.95,1.10,受让平手/半球,0.83
293,62,明陞,盘口2,0.79,受让半球,1.15,0.79,受让半球,1.15
294,62,10BET,盘口1,0.95,受让平手/半球,0.95,1.08,受让平手/半球,0.83
295,62,10BET,盘口2,0.74,受让半球,1.14,0.77,受让半球,1.10
296,62,10BET,盘口3,1.53,平手,0.55,1.48,平手,0.57
297,62,10BET,盘口4,0.51,受让半球/一球,1.65,0.51,受让半球/一球,1.64
298,62,金宝博,盘口1,1.02,受让平手/半球,0.88,1.07,受让平手/半球,0.83
299,62,金宝博,盘口2,0.76,受让半球,1.16,0.80,受让半球,1.11
300,62,金宝博,盘口3,0.59,受让半球/一球,1.44,0.59,受让半球/一球,1.44
301,62,12bet,盘口1,0.95,受让平手/半球,0.95,1.10,受让平手/半球,0.83
302,62,12bet,盘口2,0.79,受让半球,1.15,0.79,受让半球,1.15
303,62,利记,盘口1,1.03,受让平手/半球,0.87,1.11,受让平手/半球,0.82
304,62,利记,盘口2,0.81,受让半球,1.12,0.80,受让半球,1.13
305,62,盈禾,盘口1,1.01,受让平手/半球,0.88,1.06,受让平手/半球,0.83
306,62,盈禾,盘口2,0.76,受让半球,1.15,0.80,受让半球,1.10
307,62,盈禾,盘口3,0.76,受让半球,1.15,0.59,受让半球/一球,1.43
308,62,18Bet,盘口1,1.04,受让平手/半球,0.86,1.08,受让平手/半球,0.82
309,62,18Bet,盘口2,0.79,受让半球,1.12,0.79,受让半球,1.12
310,62,18Bet,盘口3,0.59,受让半球/一球,1.44,0.59,受让半球/一球,1.44
311,63,ManbetX,盘口1,1.07,半球/一球,0.83,1.07,半球/一球,0.83
312,63,ManbetX,盘口2,0.80,半球,1.11,0.80,半球,1.11
313,63,Crown,盘口1,1.02,半球/一球,0.86,1.05,半球/一球,0.83
314,63,Crown,盘口2,0.80,半球,1.08,0.80,半球,1.08
315,63,Bet365,盘口1,1.09,半球/一球,0.84,1.09,半球/一球,0.84
316,63,Bet365,盘口2,0.75,半球,1.05,0.75,半球,1.05
317,63,Bet365,盘口3,1.42,一球,0.52,1.42,一球,0.52
318,63,Bet365,盘口4,1.75,一球/球半,0.43,1.75,一球/球半,0.43
319,63,韦德,盘口1,1.06,半球/一球,0.85,0.84,半球,1.09
320,63,韦德,盘口2,0.80,半球,1.12,1.10,半球/一球,0.82
321,63,韦德,盘口3,1.57,一球,0.58,0.59,平手/半球,1.51
322,63,明陞,盘口1,1.00,半球/一球,0.90,1.06,半球/一球,0.84
323,63,10BET,盘口1,1.00,半球/一球,0.90,1.06,半球/一球,0.84
324,63,10BET,盘口2,0.76,半球,1.12,0.78,半球,1.09
325,63,10BET,盘口3,0.55,平手/半球,1.51,0.55,平手/半球,1.51
326,63,10BET,盘口4,1.61,一球,0.52,1.61,一球,0.52
327,63,金宝博,盘口1,0.98,半球/一球,0.92,1.07,半球/一球,0.83
328,63,金宝博,盘口2,0.81,半球,1.09,0.80,半球,1.11
329,63,12bet,盘口1,1.00,半球/一球,0.90,1.06,半球/一球,0.84
330,63,利记,盘口1,1.07,半球/一球,0.83,1.09,半球/一球,0.81
331,63,盈禾,盘口1,0.97,半球/一球,0.92,1.06,半球/一球,0.83
332,63,盈禾,盘口2,0.81,半球,1.08,0.81,半球,1.08
333,63,盈禾,盘口3,0.81,半球,1.08,0.81,半球,1.08
334,63,18Bet,盘口1,1.00,半球/一球,0.90,1.07,半球/一球,0.83
335,63,18Bet,盘口2,0.81,半球,1.09,0.81,半球,1.10
336,64,ManbetX,盘口1,0.87,一球/球半,1.03,0.87,一球/球半,1.03
337,64,ManbetX,盘口2,1.11,球半,0.80,1.11,球半,0.80
338,64,Crown,盘口1,0.88,一球/球半,1.00,0.85,一球/球半,1.03
339,64,Crown,盘口2,1.09,球半,0.79,1.09,球半,0.79
340,64,Bet365,盘口1,0.89,一球/球半,1.04,0.89,一球/球半,1.04
341,64,Bet365,盘口2,0.57,一球,1.35,0.57,一球,1.35
342,64,Bet365,盘口3,1.08,球半,0.73,1.08,球半,0.73
343,64,Bet365,盘口4,1.38,球半/两球,0.55,1.38,球半/两球,0.55
344,64,韦德,盘口1,0.90,一球/球半,1.02,0.86,一球/球半,1.06
345,64,韦德,盘口2,1.17,球半,0.78,1.12,球半,0.80
346,64,韦德,盘口3,0.62,一球,1.47,0.59,一球,1.52
347,64,明陞,盘口1,1.05,一球/球半,0.85,0.87,一球/球半,1.03
348,64,10BET,盘口1,1.04,一球/球半,0.85,0.86,一球/球半,1.03
349,64,10BET,盘口2,1.14,球半,0.74,1.08,球半,0.79
350,64,10BET,盘口3,0.59,一球,1.43,0.59,一球,1.43
351,64,10BET,盘口4,1.52,球半/两球,0.55,1.52,球半/两球,0.55
352,64,金宝博,盘口1,1.02,一球/球半,0.88,0.87,一球/球半,1.03
353,64,金宝博,盘口2,1.11,球半,0.80,1.11,球半,0.80
354,64,12bet,盘口1,1.05,一球/球半,0.85,0.87,一球/球半,1.03
355,64,利记,盘口1,0.87,一球/球半,1.03,0.87,一球/球半,1.03
356,64,盈禾,盘口1,0.99,一球/球半,0.90,0.86,一球/球半,1.03
357,64,盈禾,盘口2,1.11,球半,0.79,1.11,球半,0.79
358,64,盈禾,盘口3,1.11,球半,0.79,1.11,球半,0.79
359,64,18Bet,盘口1,1.05,一球/球半,0.85,0.86,一球/球半,1.02
360,64,18Bet,盘口2,1.11,球半,0.80,1.11,球半,0.80
361,65,韦德,盘口1,0.99,受让平手/半球,0.92,1.00,受让平手/半球,0.92
362,65,韦德,盘口2,0.74,受让半球,1.24,0.74,受让半球,1.21
363,65,韦德,盘口3,1.50,平手,0.61,1.50,平手,0.59
364,66,韦德,盘口1,1.12,受让半球/一球,0.82,1.13,受让半球/一球,0.81
365,66,韦德,盘口2,0.80,受让一球,1.14,0.80,受让一球,1.12
366,66,韦德,盘口3,1.43,受让半球,0.64,1.42,受让半球,0.63
367,67,ManbetX,盘口1,0.90,一球/球半,1.00,0.91,一球/球半,0.99
368,67,ManbetX,盘口2,1.16,球半,0.76,1.17,球半,0.75
369,67,ManbetX,盘口3,0.60,一球,1.42,0.61,一球,1.40
370,67,Crown,盘口1,0.92,一球/球半,0.96,0.89,一球/球半,0.99
371,67,Crown,盘口2,1.19,球半,0.72,0.60,一球,1.38
372,67,Crown,盘口3,1.17,球半,0.73,1.16,球半,0.74
373,67,Bet365,盘口1,0.98,一球/球半,0.95,0.92,一球/球半,1.01
374,67,Bet365,盘口2,0.60,一球,1.30,0.60,一球,1.30
375,67,Bet365,盘口3,1.10,球半,0.70,1.10,球半,0.70
376,67,Bet365,盘口4,1.42,球半/两球,0.52,1.42,球半/两球,0.52
377,67,韦德,盘口1,0.92,一球/球半,0.98,0.93,一球/球半,0.98
378,67,韦德,盘口2,1.22,球半,0.75,1.23,球半,0.73
379,67,韦德,盘口3,0.62,一球,1.44,0.63,一球,1.43
380,67,明陞,盘口1,1.05,一球,0.85,0.92,一球/球半,1.00
381,67,明陞,盘口2,1.23,球半,0.73,1.23,球半,0.73
382,67,10BET,盘口1,0.78,一球,1.14,0.90,一球/球半,0.99
383,67,10BET,盘口2,0.78,一球,1.09,1.18,球半,0.71
384,67,10BET,盘口3,1.42,球半,0.59,0.59,一球,1.43
385,67,10BET,盘口4,1.62,球半/两球,0.52,1.61,球半/两球,0.52
386,67,金宝博,盘口1,1.05,一球/球半,0.85,0.91,一球/球半,0.99
387,67,金宝博,盘口2,1.20,球半,0.73,1.17,球半,0.75
388,67,金宝博,盘口3,0.62,一球,1.38,0.61,一球,1.40
389,67,12bet,盘口1,1.05,一球,0.85,0.92,一球/球半,1.00
390,67,12bet,盘口2,1.23,球半,0.73,1.23,球半,0.73
391,67,利记,盘口1,0.80,一球,1.11,0.89,一球/球半,1.03
392,67,利记,盘口2,1.19,球半,0.76,1.19,球半,0.76
393,67,盈禾,盘口1,1.04,一球/球半,0.85,0.90,一球/球半,0.99
394,67,盈禾,盘口2,1.20,球半,0.72,1.17,球半,0.74
395,67,盈禾,盘口3,0.62,一球,1.37,0.61,一球,1.39
396,67,18Bet,盘口1,0.93,一球/球半,0.97,0.89,一球/球半,0.99
397,67,18Bet,盘口2,1.19,球半,0.74,1.19,球半,0.74
398,67,18Bet,盘口3,0.62,一球,1.38,0.61,一球,1.40
399,68,ManbetX,盘口1,0.90,半球,1.00,0.88,半球,1.02
400,68,ManbetX,盘口2,1.19,半球/一球,0.74,1.16,半球/一球,0.76
401,68,ManbetX,盘口3,0.66,平手/半球,1.31,0.65,平手/半球,1.33
402,68,Crown,盘口1,0.94,半球,0.94,0.88,半球,1.00
403,68,Crown,盘口2,0.70,平手/半球,1.21,0.64,平手/半球,1.31
404,68,Crown,盘口3,1.21,半球/一球,0.70,1.14,半球/一球,0.75
405,68,Bet365,盘口1,0.98,半球,0.95,0.91,半球,1.02
406,68,Bet365,盘口2,0.65,平手/半球,1.20,0.60,平手/半球,1.30
407,68,Bet365,盘口3,1.20,半球/一球,0.65,1.10,半球/一球,0.70
408,68,Bet365,盘口4,1.75,一球,0.43,1.67,一球,0.45
409,68,韦德,盘口1,0.95,半球,0.96,0.91,半球,1.00
410,68,韦德,盘口2,1.28,半球/一球,0.71,1.21,半球/一球,0.74
411,68,韦德,盘口3,0.69,平手/半球,1.32,0.65,平手/半球,1.38
412,68,明陞,盘口1,0.95,半球,0.95,0.90,半球,1.02
413,68,明陞,盘口2,1.23,半球/一球,0.73,1.23,半球/一球,0.73
414,68,10BET,盘口1,0.95,半球,0.95,0.90,半球,1.00
415,68,10BET,盘口2,0.68,平手/半球,1.24,1.18,半球/一球,0.71
416,68,10BET,盘口3,1.28,半球/一球,0.66,0.66,平手/半球,1.29
417,68,10BET,盘口4,1.91,一球,0.43,1.91,一球,0.43
418,68,金宝博,盘口1,0.95,半球,0.95,0.88,半球,1.02
419,68,金宝博,盘口2,0.71,平手/半球,1.23,1.16,半球/一球,0.76
420,68,金宝博,盘口3,0.69,平手/半球,1.26,0.65,平手/半球,1.33
421,68,12bet,盘口1,0.95,半球,0.95,0.90,半球,1.02
422,68,12bet,盘口2,1.23,半球/一球,0.73,1.23,半球/一球,0.73
423,68,利记,盘口1,0.98,半球,0.92,0.92,半球,1.00
424,68,利记,盘口2,1.20,半球/一球,0.75,1.20,半球/一球,0.75
425,68,盈禾,盘口1,0.95,半球,0.94,0.89,半球,1.00
426,68,盈禾,盘口2,0.71,平手/半球,1.22,1.16,半球/一球,0.75
427,68,盈禾,盘口3,0.69,平手/半球,1.25,0.65,平手/半球,1.32
428,68,盈禾,盘口4,0.65,平手/半球,1.32,0.65,平手/半球,1.32
429,68,18Bet,盘口1,0.97,半球,0.94,0.89,半球,1.00
430,68,18Bet,盘口2,1.20,半球/一球,0.73,1.19,半球/一球,0.74
431,68,18Bet,盘口3,0.67,平手/半球,1.29,0.65,平手/半球,1.33
432,69,ManbetX,盘口1,1.06,半球/一球,0.84,1.06,半球/一球,0.84
433,69,ManbetX,盘口2,0.80,半球,1.11,0.80,半球,1.11
434,69,Crown,盘口1,1.08,半球/一球,0.80,1.05,半球/一球,0.83
435,69,Crown,盘口2,0.80,半球,1.08,0.80,半球,1.08
436,69,Bet365,盘口1,0.82,半球,1.11,0.82,半球,1.11
437,69,Bet365,盘口2,0.55,平手/半球,1.38,0.55,平手/半球,1.38
438,69,Bet365,盘口3,1.02,半球/一球,0.77,1.02,半球/一球,0.77
439,69,Bet365,盘口4,1.42,一球,0.52,1.42,一球,0.52
440,69,韦德,盘口1,1.08,半球/一球,0.83,1.09,半球/一球,0.84
441,69,韦德,盘口2,0.82,半球,1.09,0.82,半球,1.09
442,69,韦德,盘口3,1.60,一球,0.57,1.58,一球,0.57
443,69,明陞,盘口1,0.80,半球,1.11,0.80,半球,1.11
444,69,10BET,盘口1,0.81,半球,1.10,1.07,半球/一球,0.80
445,69,10BET,盘口2,1.11,半球/一球,0.76,0.81,半球,1.10
446,69,10BET,盘口3,0.59,平手/半球,1.42,0.59,平手/半球,1.42
447,69,10BET,盘口4,1.68,一球,0.50,1.68,一球,0.50
448,69,金宝博,盘口1,1.06,半球/一球,0.84,1.06,半球/一球,0.84
449,69,金宝博,盘口2,0.81,半球,1.09,0.80,半球,1.11
450,69,12bet,盘口1,0.80,半球,1.11,0.80,半球,1.11
451,69,利记,盘口1,0.87,半球,1.03,0.81,半球,1.09
452,69,盈禾,盘口1,1.06,半球/一球,0.83,1.06,半球/一球,0.83
453,69,盈禾,盘口2,0.81,半球,1.08,0.81,半球,1.08
454,69,盈禾,盘口3,0.81,半球,1.08,0.81,半球,1.08
455,69,18Bet,盘口1,0.80,半球,1.11,1.06,半球/一球,0.84
456,69,18Bet,盘口2,0.81,半球,1.10,0.80,半球,1.11
457,70,ManbetX,盘口1,1.05,平手,0.85,1.03,平手,0.87
458,70,ManbetX,盘口2,0.74,受让平手/半球,1.19,0.72,受让平手/半球,1.21
459,70,Crown,盘口1,1.07,平手,0.81,1.02,平手,0.86
460,70,Crown,盘口2,0.72,受让平手/半球,1.19,0.71,受让平手/半球,1.20
461,70,Bet365,盘口1,1.06,平手,0.87,1.05,平手,0.88
462,70,Bet365,盘口2,0.65,受让平手/半球,1.20,0.62,受让平手/半球,1.25
463,70,Bet365,盘口3,1.38,平手/半球,0.55,1.35,平手/半球,0.57
464,70,Bet365,盘口4,1.75,半球,0.43,1.75,半球,0.43
465,70,韦德,盘口1,1.11,平手,0.82,1.05,平手,0.87
466,70,韦德,盘口2,0.76,受让平手/半球,1.20,0.72,受让平手/半球,1.24
467,70,韦德,盘口3,1.55,平手/半球,0.59,1.46,平手/半球,0.61
468,70,明陞,盘口1,1.11,平手,0.80,1.04,平手,0.86
469,70,10BET,盘口1,1.10,平手,0.81,1.04,平手,0.86
470,70,10BET,盘口2,0.71,受让平手/半球,1.18,0.72,受让平手/半球,1.17
471,70,10BET,盘口3,1.40,平手/半球,0.60,1.40,平手/半球,0.60
472,70,10BET,盘口4,0.50,受让半球,1.66,0.50,受让半球,1.66
473,70,金宝博,盘口1,1.12,平手,0.79,1.03,平手,0.87
474,70,金宝博,盘口2,0.73,受让平手/半球,1.20,0.72,受让平手/半球,1.21
475,70,12bet,盘口1,1.11,平手,0.80,1.04,平手,0.86
476,70,利记,盘口1,1.03,平手,0.87,1.03,平手,0.87
477,70,盈禾,盘口1,1.12,平手,0.78,1.03,平手,0.86
478,70,盈禾,盘口2,0.73,受让平手/半球,1.19,0.72,受让平手/半球,1.20
479,70,18Bet,盘口1,1.11,平手,0.80,1.02,平手,0.86
480,70,18Bet,盘口2,0.73,受让平手/半球,1.20,0.72,受让平手/半球,1.21
481,71,韦德,盘口1,1.02,受让半球,0.90,1.01,受让半球,0.91
482,71,韦德,盘口2,0.76,受让半球/一球,1.20,0.75,受让半球/一球,1.20
483,71,韦德,盘口3,1.43,受让平手/半球,0.64,1.40,受让平手/半球,0.64
484,72,韦德,盘口1,0.85,受让一球/球半,1.08,0.85,受让一球/球半,1.08
485,72,韦德,盘口2,1.16,受让一球,0.79,1.14,受让一球,0.79
486,72,韦德,盘口3,0.67,受让球半,1.36,0.66,受让球半,1.35
487,73,ManbetX,盘口1,0.92,受让半球,0.98,0.94,受让半球,0.96
488,73,ManbetX,盘口2,1.25,受让平手/半球,0.70,1.26,受让平手/半球,0.69
489,73,ManbetX,盘口3,0.67,受让半球/一球,1.29,0.69,受让半球/一球,1.26
490,73,Crown,盘口1,0.87,受让半球,1.01,0.92,受让半球,0.96
491,73,Crown,盘口2,1.17,受让平手/半球,0.73,0.68,受让半球/一球,1.25
492,73,Crown,盘口3,1.21,受让平手/半球,0.70,1.23,受让平手/半球,0.69
493,73,Bet365,盘口1,1.18,受让平手/半球,0.77,0.93,受让半球,1.00
494,73,Bet365,盘口2,1.75,平手,0.43,1.20,受让平手/半球,0.65
495,73,Bet365,盘口3,0.77,受让半球,1.02,0.65,受让半球/一球,1.20
496,73,Bet365,盘口4,0.57,受让半球/一球,1.35,0.40,受让一球,1.85
497,73,韦德,盘口1,0.90,受让半球,1.02,0.89,受让半球,1.03
498,73,韦德,盘口2,1.25,受让平手/半球,0.73,1.23,受让平手/半球,0.73
499,73,韦德,盘口3,0.66,受让半球/一球,1.38,0.65,受让半球/一球,1.38
500,73,明陞,盘口1,1.00,受让平手/半球,0.90,0.92,受让半球,1.00
501,73,明陞,盘口2,1.28,受让平手/半球,0.70,1.28,受让平手/半球,0.70
502,73,10BET,盘口1,1.00,受让平手/半球,0.90,0.90,受让半球,1.00
503,73,10BET,盘口2,0.80,受让半球,1.07,1.23,受让平手/半球,0.69
504,73,10BET,盘口3,0.57,受让半球/一球,1.48,0.63,受让半球/一球,1.35
505,73,10BET,盘口4,1.95,平手,0.42,1.95,平手,0.42
506,73,金宝博,盘口1,1.11,受让平手/半球,0.80,0.94,受让半球,0.96
507,73,金宝博,盘口2,1.20,受让平手/半球,0.73,1.26,受让平手/半球,0.69
508,73,金宝博,盘口3,0.66,受让半球/一球,1.31,0.69,受让半球/一球,1.26
509,73,12bet,盘口1,1.00,受让平手/半球,0.90,0.92,受让半球,1.00
510,73,12bet,盘口2,1.28,受让平手/半球,0.70,1.28,受让平手/半球,0.70
511,73,利记,盘口1,1.11,受让平手/半球,0.80,0.90,受让半球,1.02
512,73,利记,盘口2,1.28,受让平手/半球,0.70,1.28,受让平手/半球,0.70
513,73,盈禾,盘口1,1.09,受让平手/半球,0.80,0.93,受让半球,0.96
514,73,盈禾,盘口2,1.19,受让平手/半球,0.73,1.25,受让平手/半球,0.69
515,73,盈禾,盘口3,0.66,受让半球/一球,1.30,0.69,受让半球/一球,1.25
516,73,盈禾,盘口4,0.69,受让半球/一球,1.25,0.69,受让半球/一球,1.25
517,73,18Bet,盘口1,1.19,受让平手/半球,0.74,0.91,受让半球,0.98
518,73,18Bet,盘口2,1.26,受让平手/半球,0.69,1.27,受让平手/半球,0.70
519,73,18Bet,盘口3,0.66,受让半球/一球,1.31,0.69,受让半球/一球,1.26
520,74,ManbetX,盘口1,0.81,一球/球半,1.09,0.86,一球/球半,1.04
521,74,ManbetX,盘口2,1.06,球半,0.84,1.12,球半,0.79
522,74,ManbetX,盘口3,1.35,球半/两球,0.64,1.42,球半/两球,0.60
523,74,Crown,盘口1,0.88,一球/球半,1.00,0.86,一球/球半,1.02
524,74,Crown,盘口2,1.13,球半,0.76,1.09,球半,0.79
525,74,Crown,盘口3,1.11,球半,0.78,1.40,球半/两球,0.59
526,74,Bet365,盘口1,0.90,一球/球半,1.03,0.89,一球/球半,1.04
527,74,Bet365,盘口2,0.57,一球,1.35,0.55,一球,1.38
528,74,Bet365,盘口3,1.08,球半,0.73,1.10,球半,0.70
529,74,Bet365,盘口4,1.38,球半/两球,0.55,1.42,球半/两球,0.52
530,74,韦德,盘口1,0.88,一球/球半,1.02,0.86,一球/球半,1.06
531,74,韦德,盘口2,1.16,球半,0.79,1.11,球半,0.80
532,74,韦德,盘口3,0.61,一球,1.46,0.59,一球,1.52
533,74,明陞,盘口1,0.95,一球/球半,0.95,0.90,一球/球半,1.02
534,74,明陞,盘口2,1.14,球半,0.80,1.14,球半,0.80
535,74,10BET,盘口1,0.95,一球/球半,0.95,0.88,一球/球半,1.02
536,74,10BET,盘口2,1.09,球半,0.78,1.09,球半,0.78
537,74,10BET,盘口3,1.45,球半/两球,0.58,1.45,球半/两球,0.58
538,74,10BET,盘口4,0.57,一球,1.46,0.58,一球,1.46
539,74,金宝博,盘口1,0.90,一球/球半,1.00,0.86,一球/球半,1.04
540,74,金宝博,盘口2,1.13,球半,0.78,1.12,球半,0.79
541,74,金宝博,盘口3,0.61,一球,1.40,1.42,球半/两球,0.60
542,74,12bet,盘口1,0.95,一球/球半,0.95,0.90,一球/球半,1.02
543,74,12bet,盘口2,1.14,球半,0.80,1.14,球半,0.80
544,74,利记,盘口1,0.88,一球/球半,1.02,0.88,一球/球半,1.04
545,74,利记,盘口2,1.11,球半,0.82,1.11,球半,0.82
546,74,盈禾,盘口1,0.91,一球/球半,0.98,0.87,一球/球半,1.02
547,74,盈禾,盘口2,1.14,球半,0.76,1.11,球半,0.79
548,74,盈禾,盘口3,0.61,一球,1.39,1.42,球半/两球,0.59
549,74,盈禾,盘口4,1.35,球半/两球,0.63,1.42,球半/两球,0.59
550,74,18Bet,盘口1,0.89,一球/球半,1.02,0.87,一球/球半,1.02
551,74,18Bet,盘口2,1.12,球半,0.79,1.11,球半,0.80
552,74,18Bet,盘口3,0.61,一球,1.40,1.42,球半/两球,0.60
553,75,ManbetX,盘口1,0.95,球半/两球,0.95,0.95,球半/两球,0.95
554,75,ManbetX,盘口2,0.75,球半,1.17,0.75,球半,1.17
555,75,Crown,盘口1,0.93,球半/两球,0.95,0.94,球半/两球,0.94
556,75,Crown,盘口2,0.74,球半,1.16,0.74,球半,1.16
557,75,Bet365,盘口1,0.96,球半/两球,0.97,0.97,球半/两球,0.96
558,75,Bet365,盘口2,0.70,球半,1.10,0.70,球半,1.10
559,75,Bet365,盘口3,1.20,两球,0.65,1.20,两球,0.65
560,75,Bet365,盘口4,1.42,两球/两球半,0.52,1.42,两球/两球半,0.52
561,75,韦德,盘口1,0.96,球半/两球,0.95,0.93,球半/两球,0.98
562,75,韦德,盘口2,0.76,球半,1.20,0.73,球半,1.23
563,75,韦德,盘口3,1.31,两球,0.70,1.24,两球,0.72
564,75,明陞,盘口1,0.95,球半/两球,0.95,0.95,球半/两球,0.95
565,75,10BET,盘口1,0.95,球半/两球,0.95,0.97,球半/两球,0.93
566,75,10BET,盘口2,0.76,球半,1.12,0.76,球半,1.12
567,75,10BET,盘口3,1.35,两球,0.63,1.35,两球,0.63
568,75,10BET,盘口4,0.55,一球/球半,1.53,0.55,一球/球半,1.53
569,75,金宝博,盘口1,0.91,球半/两球,0.99,0.95,球半/两球,0.95
570,75,金宝博,盘口2,0.75,球半,1.17,0.75,球半,1.17
571,75,12bet,盘口1,0.95,球半/两球,0.95,0.95,球半/两球,0.95
572,75,利记,盘口1,0.99,球半/两球,0.91,0.95,球半/两球,0.95
573,75,盈禾,盘口1,0.91,球半/两球,0.98,0.95,球半/两球,0.94
574,75,盈禾,盘口2,0.75,球半,1.16,0.75,球半,1.16
575,75,18Bet,盘口1,0.95,球半/两球,0.95,0.94,球半/两球,0.94
576,75,18Bet,盘口2,0.75,球半,1.17,0.75,球半,1.17
577,76,ManbetX,盘口1,1.03,平手,0.87,1.03,平手,0.87
578,76,ManbetX,盘口2,0.72,受让平手/半球,1.21,0.72,受让平手/半球,1.21
579,76,Crown,盘口1,0.76,受让平手/半球,1.13,1.02,平手,0.86
580,76,Crown,盘口2,0.71,受让平手/半球,1.20,0.71,受让平手/半球,1.20
581,76,Bet365,盘口1,1.04,平手,0.89,1.04,平手,0.89
582,76,Bet365,盘口2,0.62,受让平手/半球,1.25,0.62,受让平手/半球,1.25
583,76,Bet365,盘口3,1.38,平手/半球,0.55,1.38,平手/半球,0.55
584,76,Bet365,盘口4,1.75,半球,0.43,1.75,半球,0.43
585,76,韦德,盘口1,1.08,平手,0.85,1.05,平手,0.87
586,76,韦德,盘口2,0.74,受让平手/半球,1.24,0.72,受让平手/半球,1.24
587,76,韦德,盘口3,1.50,平手/半球,0.61,1.46,平手/半球,0.61
588,76,明陞,盘口1,1.11,平手,0.80,1.02,平手,0.88
589,76,10BET,盘口1,1.10,平手,0.81,1.02,平手,0.88
590,76,10BET,盘口2,0.67,受让平手/半球,1.27,0.69,受让平手/半球,1.23
591,76,10BET,盘口3,1.44,平手/半球,0.58,1.44,平手/半球,0.58
592,76,10BET,盘口4,0.51,受让半球,1.63,0.51,受让半球,1.63
593,76,金宝博,盘口1,0.83,受让平手/半球,1.07,1.03,平手,0.87
594,76,金宝博,盘口2,0.72,受让平手/半球,1.21,0.72,受让平手/半球,1.21
595,76,12bet,盘口1,1.11,平手,0.80,1.02,平手,0.88
596,76,利记,盘口1,1.02,平手,0.88,1.02,平手,0.88
597,76,盈禾,盘口1,0.83,受让平手/半球,1.06,1.03,平手,0.86
598,76,盈禾,盘口2,0.72,受让平手/半球,1.20,0.72,受让平手/半球,1.20
599,76,18Bet,盘口1,1.11,平手,0.80,1.01,平手,0.87
600,76,18Bet,盘口2,0.72,受让平手/半球,1.21,0.72,受让平手/半球,1.21
601,77,韦德,盘口1,0.95,受让一球/球半,0.96,0.95,受让一球/球半,0.96
602,77,韦德,盘口2,0.73,受让球半,1.25,0.72,受让球半,1.24
603,77,韦德,盘口3,1.35,受让一球,0.67,1.34,受让一球,0.67
604,78,韦德,盘口1,0.85,半球,1.08,0.85,半球,1.07
605,78,韦德,盘口2,1.13,半球/一球,0.81,1.12,半球/一球,0.80
606,78,韦德,盘口3,0.60,平手/半球,1.51,0.60,平手/半球,1.49
607,79,ManbetX,盘口1,0.91,一球,0.99,0.91,一球,0.99
608,79,ManbetX,盘口2,1.19,一球/球半,0.74,1.19,一球/球半,0.74
609,79,ManbetX,盘口3,0.68,半球/一球,1.28,0.67,半球/一球,1.29
610,79,Crown,盘口1,0.98,一球,0.90,0.90,一球,0.98
611,79,Crown,盘口2,0.69,半球/一球,1.23,0.67,半球/一球,1.26
612,79,Crown,盘口3,1.23,一球/球半,0.69,1.19,一球/球半,0.72
613,79,Bet365,盘口1,0.80,半球/一球,1.14,0.92,一球,1.01
614,79,Bet365,盘口2,0.60,半球,1.30,0.65,半球/一球,1.20
615,79,Bet365,盘口3,1.02,一球,0.77,1.15,一球/球半,0.68
616,79,Bet365,盘口4,1.35,一球/球半,0.57,1.42,球半,0.52
617,79,韦德,盘口1,0.97,一球,0.93,0.88,一球,1.04
618,79,韦德,盘口2,0.71,半球/一球,1.25,1.19,一球/球半,0.76
619,79,韦德,盘口3,1.31,一球/球半,0.70,0.65,半球/一球,1.37
620,79,明陞,盘口1,0.90,半球/一球,1.00,0.93,一球,0.99
621,79,明陞,盘口2,1.28,一球/球半,0.70,1.27,一球/球半,0.71
622,79,10BET,盘口1,0.85,半球/一球,1.04,0.90,一球,0.99
623,79,10BET,盘口2,1.11,一球,0.76,1.24,一球/球半,0.68
624,79,10BET,盘口3,0.60,半球,1.40,1.28,一球/球半,0.66
625,79,10BET,盘口4,1.66,球半,0.51,1.65,球半,0.51
626,79,金宝博,盘口1,0.77,半球/一球,1.14,0.91,一球,0.99
627,79,金宝博,盘口2,0.72,半球/一球,1.21,1.19,一球/球半,0.74
628,79,金宝博,盘口3,1.25,一球/球半,0.70,0.67,半球/一球,1.29
629,79,12bet,盘口1,0.90,半球/一球,1.00,0.93,一球,0.99
630,79,12bet,盘口2,1.28,一球/球半,0.70,1.27,一球/球半,0.71
631,79,利记,盘口1,0.81,半球/一球,1.09,0.88,一球,1.04
632,79,利记,盘口2,0.66,半球/一球,1.35,1.21,一球/球半,0.74
633,79,盈禾,盘口1,0.78,半球/一球,1.12,0.91,一球,0.98
634,79,盈禾,盘口2,0.73,半球/一球,1.19,1.20,一球/球半,0.72
635,79,盈禾,盘口3,1.25,一球/球半,0.69,0.68,半球/一球,1.27
636,79,盈禾,盘口4,1.21,一球/球半,0.71,1.20,一球/球半,0.72
637,79,18Bet,盘口1,0.71,半球/一球,1.24,0.89,一球,0.99
638,79,18Bet,盘口2,0.64,半球/一球,1.35,1.21,一球/球半,0.73
639,79,18Bet,盘口3,0.66,半球/一球,1.32,0.68,半球/一球,1.29
640,80,ManbetX,盘口1,0.88,平手/半球,1.02,0.86,平手/半球,1.04
641,80,ManbetX,盘口2,1.17,半球,0.75,1.16,半球,0.76
642,80,ManbetX,盘口3,0.59,平手,1.44,0.57,平手,1.49
643,80,Crown,盘口1,0.90,平手/半球,0.98,0.86,平手/半球,1.02
644,80,Crown,盘口2,1.19,半球,0.72,0.56,平手,1.47
645,80,Crown,盘口3,1.17,半球,0.73,1.13,半球,0.76
646,80,Bet365,盘口1,0.91,平手/半球,1.02,0.87,平手/半球,1.06
647,80,Bet365,盘口2,0.52,平手,1.42,0.52,平手,1.42
648,80,Bet365,盘口3,1.15,半球,0.68,1.10,半球,0.70
649,80,Bet365,盘口4,1.60,半球/一球,0.47,1.42,半球/一球,0.52
650,80,韦德,盘口1,0.92,平手/半球,1.00,0.89,平手/半球,1.03
651,80,韦德,盘口2,1.23,半球,0.74,1.18,半球,0.76
652,80,韦德,盘口3,0.60,平手,1.53,0.57,平手,1.57
653,80,明陞,盘口1,1.00,半球,0.90,0.86,平手/半球,1.06
654,80,明陞,盘口2,1.23,半球,0.73,1.23,半球,0.73
655,80,10BET,盘口1,1.16,半球,0.76,0.87,平手/半球,1.03
656,80,10BET,盘口2,1.18,半球,0.71,1.19,半球,0.71
657,80,10BET,盘口3,1.57,半球/一球,0.54,0.58,平手,1.44
658,80,10BET,盘口4,1.73,半球/一球,0.48,1.73,半球/一球,0.48
659,80,金宝博,盘口1,0.90,平手/半球,1.00,0.86,平手/半球,1.04
660,80,金宝博,盘口2,1.21,半球,0.72,1.16,半球,0.76
661,80,金宝博,盘口3,0.59,平手,1.44,0.57,平手,1.49
662,80,12bet,盘口1,1.00,半球,0.90,0.86,平手/半球,1.06
663,80,12bet,盘口2,1.23,半球,0.73,1.23,半球,0.73
664,80,利记,盘口1,0.85,平手/半球,1.05,0.87,平手/半球,1.05
665,80,利记,盘口2,1.19,半球,0.76,1.19,半球,0.76
666,80,盈禾,盘口1,0.91,平手/半球,0.98,0.87,平手/半球,1.02
667,80,盈禾,盘口2,1.20,半球,0.72,1.14,半球,0.76
668,80,盈禾,盘口3,1.20,半球,0.72,0.57,平手,1.48
669,80,18Bet,盘口1,0.91,平手/半球,0.99,0.85,平手/半球,1.03
670,80,18Bet,盘口2,1.17,半球,0.75,1.18,半球,0.75
671,80,18Bet,盘口3,0.58,平手,1.47,0.57,平手,1.49
672,81,ManbetX,盘口1,0.87,受让半球,1.03,0.88,受让半球,1.02
673,81,ManbetX,盘口2,1.14,受让平手/半球,0.77,1.17,受让平手/半球,0.75
674,81,Crown,盘口1,0.85,受让半球,1.03,0.86,受让半球,1.02
675,81,Crown,盘口2,1.14,受让平手/半球,0.75,1.14,受让平手/半球,0.75
676,81,Bet365,盘口1,0.88,受让半球,1.05,0.89,受让半球,1.04
677,81,Bet365,盘口2,1.10,受让平手/半球,0.70,1.15,受让平手/半球,0.68
678,81,Bet365,盘口3,0.60,受让半球/一球,1.30,0.60,受让半球/一球,1.30
679,81,Bet365,盘口4,0.40,受让一球,1.85,0.40,受让一球,1.85
680,81,韦德,盘口1,0.87,受让半球,1.05,0.89,受让半球,1.02
681,81,韦德,盘口2,1.19,受让平手/半球,0.77,1.21,受让平手/半球,0.74
682,81,韦德,盘口3,0.64,受让半球/一球,1.43,0.66,受让半球/一球,1.37
683,81,明陞,盘口1,0.85,受让半球,1.05,0.85,受让半球,1.05
684,81,10BET,盘口1,0.85,受让半球,1.04,0.86,受让半球,1.03
685,81,10BET,盘口2,1.15,受让平手/半球,0.74,1.16,受让平手/半球,0.72
686,81,10BET,盘口3,0.62,受让半球/一球,1.36,0.62,受让半球/一球,1.36
687,81,10BET,盘口4,1.86,平手,0.44,1.86,平手,0.44
688,81,金宝博,盘口1,0.86,受让半球,1.04,0.88,受让半球,1.02
689,81,金宝博,盘口2,1.16,受让平手/半球,0.76,1.17,受让平手/半球,0.75
690,81,12bet,盘口1,0.85,受让半球,1.05,0.85,受让半球,1.05
691,81,利记,盘口1,0.88,受让半球,1.02,0.88,受让半球,1.02
692,81,盈禾,盘口1,0.86,受让半球,1.03,0.87,受让半球,1.02
693,81,盈禾,盘口2,1.16,受让平手/半球,0.75,1.16,受让平手/半球,0.75
694,81,盈禾,盘口3,1.14,受让平手/半球,0.76,1.14,受让平手/半球,0.76
695,81,18Bet,盘口1,0.85,受让半球,1.05,0.87,受让半球,1.01
696,81,18Bet,盘口2,1.16,受让平手/半球,0.76,1.17,受让平手/半球,0.76
697,82,ManbetX,盘口1,0.95,一球,0.95,0.95,一球,0.95
698,82,ManbetX,盘口2,1.23,一球/球半,0.71,1.23,一球/球半,0.71
699,82,Crown,盘口1,0.95,一球,0.93,0.94,一球,0.94
700,82,Crown,盘口2,1.23,一球/球半,0.69,1.21,一球/球半,0.70
701,82,Bet365,盘口1,0.96,一球,0.97,0.96,一球,0.97
702,82,Bet365,盘口2,0.65,半球/一球,1.20,0.65,半球/一球,1.20
703,82,Bet365,盘口3,1.15,一球/球半,0.68,1.20,一球/球半,0.65
704,82,Bet365,盘口4,1.42,球半,0.52,1.42,球半,0.52
705,82,韦德,盘口1,0.95,一球,0.96,0.91,一球,1.01
706,82,韦德,盘口2,0.71,半球/一球,1.29,1.22,一球/球半,0.73
707,82,韦德,盘口3,1.29,一球/球半,0.71,0.67,半球/一球,1.33
708,82,明陞,盘口1,0.95,一球,0.95,0.96,一球,0.94
709,82,10BET,盘口1,0.95,一球,0.95,0.94,一球,0.95
710,82,10BET,盘口2,1.25,一球/球半,0.68,1.25,一球/球半,0.68
711,82,10BET,盘口3,0.66,半球/一球,1.29,0.66,半球/一球,1.29
712,82,10BET,盘口4,1.59,球半,0.53,1.59,球半,0.53
713,82,金宝博,盘口1,0.96,一球,0.94,0.95,一球,0.95
714,82,金宝博,盘口2,1.25,一球/球半,0.70,1.23,一球/球半,0.71
715,82,12bet,盘口1,0.95,一球,0.95,0.96,一球,0.94
716,82,利记,盘口1,0.98,一球,0.92,0.92,一球,0.98
717,82,盈禾,盘口1,0.96,一球,0.93,0.95,一球,0.94
718,82,盈禾,盘口2,1.25,一球/球半,0.69,1.23,一球/球半,0.70
719,82,18Bet,盘口1,0.95,一球,0.95,0.94,一球,0.94
720,82,18Bet,盘口2,1.25,一球/球半,0.70,1.23,一球/球半,0.71
721,83,韦德,盘口1,0.87,受让球半/两球,1.05,0.88,受让球半/两球,1.04
722,83,韦德,盘口2,1.10,受让球半,0.83,1.10,受让球半,0.82
723,83,韦德,盘口3,0.64,受让两球,1.44,0.64,受让两球,1.41
724,84,韦德,盘口1,1.13,平手/半球,0.81,1.10,平手/半球,0.83
725,84,韦德,盘口2,0.79,平手,1.16,0.75,平手,1.20
726,84,韦德,盘口3,1.48,半球,0.62,1.42,半球,0.63
727,84,18Bet,盘口1,0.95,一球,0.95,0.95,一球,0.95
728,85,ManbetX,盘口1,0.85,球半/两球,1.05,0.84,球半/两球,1.06
729,85,ManbetX,盘口2,1.13,两球,0.78,1.12,两球,0.79
730,85,ManbetX,盘口3,0.68,球半,1.28,0.68,球半,1.28
731,85,Crown,盘口1,0.88,球半/两球,1.00,0.84,球半/两球,1.04
732,85,Crown,盘口2,1.16,两球,0.74,0.67,球半,1.26
733,85,Crown,盘口3,1.12,两球,0.77,1.11,两球,0.78
734,85,Bet365,盘口1,0.87,球半/两球,1.06,0.86,球半/两球,1.07
735,85,Bet365,盘口2,0.65,球半,1.20,0.65,球半,1.20
736,85,Bet365,盘口3,1.08,两球,0.73,1.05,两球,0.75
737,85,Bet365,盘口4,1.35,两球/两球半,0.57,1.35,两球/两球半,0.57
738,85,韦德,盘口1,0.87,球半/两球,1.03,0.84,球半/两球,1.09
739,85,韦德,盘口2,1.18,两球,0.77,1.11,两球,0.81
740,85,韦德,盘口3,0.69,球半,1.29,0.66,球半,1.35
741,85,明陞,盘口1,0.85,球半,1.05,0.85,球半/两球,1.08
742,85,明陞,盘口2,1.22,两球,0.74,1.16,两球,0.78
743,85,10BET,盘口1,0.68,球半,1.31,0.84,球半/两球,1.06
744,85,10BET,盘口2,1.13,两球,0.75,1.12,两球,0.76
745,85,10BET,盘口3,0.66,球半,1.30,0.66,球半,1.29
746,85,10BET,盘口4,1.44,两球/两球半,0.58,1.44,两球/两球半,0.58
747,85,金宝博,盘口1,0.88,球半/两球,1.02,0.84,球半/两球,1.06
748,85,金宝博,盘口2,1.17,两球,0.75,1.12,两球,0.79
749,85,金宝博,盘口3,0.68,球半,1.28,0.68,球半,1.28
750,85,12bet,盘口1,0.85,球半,1.05,0.85,球半/两球,1.08
751,85,12bet,盘口2,1.22,两球,0.74,1.16,两球,0.78
752,85,利记,盘口1,0.85,球半/两球,1.05,0.85,球半/两球,1.07
753,85,利记,盘口2,1.17,两球,0.77,1.17,两球,0.77
754,85,盈禾,盘口1,0.89,球半/两球,1.00,0.85,球半/两球,1.04
755,85,盈禾,盘口2,1.17,两球,0.74,1.12,两球,0.78
756,85,盈禾,盘口3,0.68,球半,1.27,0.68,球半,1.27
757,85,盈禾,盘口4,0.68,球半,1.27,0.68,球半,1.27
758,85,18Bet,盘口1,0.85,球半/两球,1.06,0.84,球半/两球,1.06
759,85,18Bet,盘口2,1.13,两球,0.78,1.14,两球,0.77
760,85,18Bet,盘口3,0.67,球半,1.29,0.68,球半,1.28
761,86,ManbetX,盘口1,0.85,受让球半,1.05,0.82,受让球半,1.08
762,86,ManbetX,盘口2,1.13,受让一球/球半,0.78,1.08,受让一球/球半,0.82
763,86,ManbetX,盘口3,0.65,受让球半/两球,1.33,0.63,受让球半/两球,1.36
764,86,Crown,盘口1,0.86,受让球半,1.02,0.82,受让球半,1.06
765,86,Crown,盘口2,1.12,受让一球/球半,0.77,0.62,受让球半/两球,1.35
766,86,Crown,盘口3,1.12,受让一球/球半,0.77,1.06,受让一球/球半,0.82
767,86,Bet365,盘口1,0.86,受让球半,1.07,0.84,受让球半,1.09
768,86,Bet365,盘口2,1.05,受让一球/球半,0.75,1.05,受让一球/球半,0.75
769,86,Bet365,盘口3,0.60,受让球半/两球,1.30,0.60,受让球半/两球,1.30
770,86,Bet365,盘口4,0.43,受让两球,1.75,0.40,受让两球,1.85
771,86,韦德,盘口1,0.85,受让球半,1.05,1.09,受让一球/球半,0.84
772,86,韦德,盘口2,1.14,受让一球/球半,0.80,0.82,受让球半,1.09
773,86,韦德,盘口3,0.65,受让球半/两球,1.37,1.57,受让一球,0.57
774,86,明陞,盘口1,0.90,受让一球/球半,1.00,0.80,受让球半,1.14
775,86,明陞,盘口2,1.18,受让一球/球半,0.77,1.09,受让一球/球半,0.84
776,86,10BET,盘口1,1.21,受让一球/球半,0.74,1.06,受让一球/球半,0.84
777,86,10BET,盘口2,1.17,受让一球/球半,0.72,0.78,受让球半,1.09
778,86,10BET,盘口3,1.22,受让一球/球半,0.69,0.62,受让球半/两球,1.36
779,86,10BET,盘口4,1.66,受让一球,0.50,1.66,受让一球,0.50
780,86,金宝博,盘口1,0.85,受让球半,1.05,0.82,受让球半,1.08
781,86,金宝博,盘口2,1.11,受让一球/球半,0.80,1.08,受让一球/球半,0.82
782,86,金宝博,盘口3,0.64,受让球半/两球,1.35,0.63,受让球半/两球,1.36
783,86,12bet,盘口1,0.90,受让一球/球半,1.00,0.80,受让球半,1.14
784,86,12bet,盘口2,1.18,受让一球/球半,0.77,1.09,受让一球/球半,0.84
785,86,利记,盘口1,0.90,受让球半,1.00,0.83,受让球半,1.09
786,86,利记,盘口2,1.14,受让一球/球半,0.79,1.14,受让一球/球半,0.79
787,86,盈禾,盘口1,0.86,受让球半,1.03,0.83,受让球半,1.06
788,86,盈禾,盘口2,1.09,受让一球/球半,0.80,1.07,受让一球/球半,0.82
789,86,盈禾,盘口3,1.13,受让一球/球半,0.77,0.63,受让球半/两球,1.35
790,86,盈禾,盘口4,0.65,受让球半/两球,1.32,0.63,受让球半/两球,1.35
791,86,18Bet,盘口1,0.84,受让球半,1.06,1.09,受让一球/球半,0.81
792,86,18Bet,盘口2,1.20,受让一球/球半,0.73,0.81,受让球半,1.09
793,86,18Bet,盘口3,0.64,受让球半/两球,1.35,0.63,受让球半/两球,1.36
794,87,ManbetX,盘口1,0.90,球半,1.00,0.90,球半,1.00
795,87,ManbetX,盘口2,1.12,球半/两球,0.79,1.12,球半/两球,0.79
796,87,Crown,盘口1,0.86,球半,1.02,0.88,球半,1.00
797,87,Crown,盘口2,1.08,球半/两球,0.80,1.11,球半/两球,0.78
798,87,Bet365,盘口1,0.91,球半,1.02,0.92,球半,1.01
799,87,Bet365,盘口2,0.62,一球/球半,1.25,0.65,一球/球半,1.20
800,87,Bet365,盘口3,1.08,球半/两球,0.73,1.10,球半/两球,0.70
801,87,Bet365,盘口4,1.50,两球,0.50,1.50,两球,0.50
802,87,韦德,盘口1,0.90,球半,1.02,0.89,球半,1.03
803,87,韦德,盘口2,1.15,球半/两球,0.80,1.13,球半/两球,0.79
804,87,韦德,盘口3,0.67,一球/球半,1.37,0.66,一球/球半,1.37
805,87,明陞,盘口1,0.90,球半,1.00,0.91,球半,0.99
806,87,10BET,盘口1,0.90,球半,1.00,0.89,球半,1.01
807,87,10BET,盘口2,1.09,球半/两球,0.78,1.09,球半/两球,0.78
808,87,10BET,盘口3,0.63,一球/球半,1.35,0.63,一球/球半,1.35
809,87,10BET,盘口4,1.53,两球,0.54,1.53,两球,0.54
810,87,金宝博,盘口1,0.88,球半,1.02,0.90,球半,1.00
811,87,金宝博,盘口2,1.09,球半/两球,0.81,1.12,球半/两球,0.79
812,87,12bet,盘口1,0.90,球半,1.00,0.91,球半,0.99
813,87,利记,盘口1,0.85,球半,1.05,0.91,球半,0.99
814,87,盈禾,盘口1,0.87,球半,1.02,0.89,球半,1.00
815,87,盈禾,盘口2,1.09,球半/两球,0.80,1.12,球半/两球,0.78
816,87,18Bet,盘口1,0.90,球半,1.00,0.90,球半,0.98
817,87,18Bet,盘口2,1.09,球半/两球,0.81,1.12,球半/两球,0.79
818,88,ManbetX,盘口1,1.06,球半/两球,0.84,1.05,球半/两球,0.85
819,88,ManbetX,盘口2,0.84,球半,1.06,0.83,球半,1.07
820,88,Crown,盘口1,1.01,球半/两球,0.87,1.04,球半/两球,0.84
821,88,Crown,盘口2,0.80,球半,1.08,0.82,球半,1.06
822,88,Bet365,盘口1,1.07,球半/两球,0.86,1.08,球半/两球,0.85
823,88,Bet365,盘口2,0.77,球半,1.02,0.77,球半,1.02
824,88,Bet365,盘口3,1.35,两球,0.57,1.35,两球,0.57
825,88,Bet365,盘口4,1.67,两球/两球半,0.45,1.67,两球/两球半,0.45
826,88,韦德,盘口1,1.06,球半/两球,0.86,1.02,球半/两球,0.90
827,88,韦德,盘口2,0.82,球半,1.11,0.79,球半,1.14
828,88,韦德,盘口3,1.47,两球,0.62,1.39,两球,0.64
829,88,明陞,盘口1,0.80,球半,1.11,0.80,球半,1.11
830,88,10BET,盘口1,0.81,球半,1.10,1.01,球半/两球,0.89
831,88,10BET,盘口2,0.79,球半,1.08,0.78,球半,1.09
832,88,10BET,盘口3,0.60,一球/球半,1.40,0.60,一球/球半,1.40
833,88,10BET,盘口4,1.47,两球,0.57,1.47,两球,0.57
834,88,金宝博,盘口1,0.96,球半/两球,0.94,1.05,球半/两球,0.85
835,88,金宝博,盘口2,0.81,球半,1.09,0.83,球半,1.07
836,88,12bet,盘口1,0.80,球半,1.11,0.80,球半,1.11
837,88,利记,盘口1,1.05,球半/两球,0.85,1.08,球半/两球,0.82
838,88,盈禾,盘口1,0.96,球半/两球,0.93,1.05,球半/两球,0.84
839,88,盈禾,盘口2,0.81,球半,1.08,0.83,球半,1.06
840,88,盈禾,盘口3,0.84,球半,1.05,0.83,球半,1.06
841,88,18Bet,盘口1,0.80,球半,1.11,1.06,球半/两球,0.84
842,88,18Bet,盘口2,0.80,球半,1.11,0.82,球半,1.08
843,89,韦德,盘口1,1.10,平手,0.83,1.10,平手,0.83
844,89,韦德,盘口2,0.79,受让平手/半球,1.16,0.78,受让平手/半球,1.15
845,89,韦德,盘口3,1.47,平手/半球,0.62,1.46,平手/半球,0.61
846,90,韦德,盘口1,0.94,受让平手/半球,0.97,0.94,受让平手/半球,0.97
847,90,韦德,盘口2,0.71,受让半球,1.29,0.70,受让半球,1.28
848,90,韦德,盘口3,1.40,平手,0.65,1.39,平手,0.64
849,91,ManbetX,盘口1,0.82,半球,1.08,0.82,半球,1.08
850,91,ManbetX,盘口2,1.08,半球/一球,0.82,1.08,半球/一球,0.82
851,91,ManbetX,盘口3,0.59,平手/半球,1.44,0.59,平手/半球,1.44
852,91,ManbetX,盘口4,0.95,平手,0.95,0.95,平手,0.95
853,91,Crown,盘口1,0.82,半球,1.06,0.82,半球,1.06
854,91,Crown,盘口2,1.11,半球/一球,0.78,0.58,平手/半球,1.42
855,91,Crown,盘口3,1.07,半球/一球,0.81,1.07,半球/一球,0.81
856,91,Bet365,盘口1,0.87,半球,1.06,0.83,半球,1.10
857,91,Bet365,盘口2,0.57,平手/半球,1.35,0.55,平手/半球,1.38
858,91,Bet365,盘口3,1.08,半球/一球,0.73,1.02,半球/一球,0.77
859,91,Bet365,盘口4,1.50,一球,0.50,1.42,一球,0.52
860,91,韦德,盘口1,1.08,半球/一球,0.85,1.09,半球/一球,0.84
861,91,韦德,盘口2,0.82,半球,1.12,0.82,半球,1.09
862,91,韦德,盘口3,1.58,一球,0.58,1.58,一球,0.56
863,91,明陞,盘口1,0.85,半球,1.05,0.81,半球,1.12
864,91,明陞,盘口2,1.18,半球/一球,0.77,1.15,半球/一球,0.79
865,91,10BET,盘口1,0.85,半球,1.04,0.81,半球,1.10
866,91,10BET,盘口2,1.07,半球/一球,0.80,1.09,半球/一球,0.78
867,91,10BET,盘口3,0.58,平手/半球,1.46,0.56,平手/半球,1.50
868,91,10BET,盘口4,1.59,一球,0.53,1.58,一球,0.53
869,91,金宝博,盘口1,0.88,半球,1.02,0.82,半球,1.08
870,91,金宝博,盘口2,1.12,半球/一球,0.79,1.08,半球/一球,0.82
871,91,金宝博,盘口3,0.59,平手/半球,1.44,0.59,平手/半球,1.44
872,91,金宝博,盘口4,0.95,平手,0.95,0.95,平手,0.95
873,91,金宝博,盘口5,0.95,平手,0.95,0.95,平手,0.95
874,91,12bet,盘口1,0.85,半球,1.05,0.81,半球,1.12
875,91,12bet,盘口2,1.18,半球/一球,0.77,1.15,半球/一球,0.79
876,91,利记,盘口1,0.81,半球,1.09,0.85,半球,1.07
877,91,利记,盘口2,1.13,半球/一球,0.80,1.13,半球/一球,0.80
878,91,盈禾,盘口1,0.89,半球,1.00,0.83,半球,1.06
879,91,盈禾,盘口2,1.12,半球/一球,0.78,1.08,半球/一球,0.81
880,91,盈禾,盘口3,0.59,平手/半球,1.43,0.59,平手/半球,1.43
881,91,盈禾,盘口4,0.59,平手/半球,1.43,0.59,平手/半球,1.43
882,91,18Bet,盘口1,0.85,半球,1.06,0.82,半球,1.08
883,91,18Bet,盘口2,1.08,半球/一球,0.82,1.11,半球/一球,0.79
884,91,18Bet,盘口3,0.59,平手/半球,1.44,0.59,平手/半球,1.44
885,92,ManbetX,盘口1,0.94,平手/半球,0.96,0.95,平手/半球,0.95
886,92,ManbetX,盘口2,1.23,半球,0.71,1.23,半球,0.71
887,92,ManbetX,盘口3,0.64,平手,1.35,0.64,平手,1.35
888,92,Crown,盘口1,0.93,平手/半球,0.95,0.95,平手/半球,0.93
889,92,Crown,盘口2,1.21,半球,0.70,0.63,平手,1.33
890,92,Crown,盘口3,1.21,半球,0.70,1.21,半球,0.70
891,92,Bet365,盘口1,0.92,平手/半球,1.01,0.98,平手/半球,0.95
892,92,Bet365,盘口2,0.55,平手,1.38,0.57,平手,1.35
893,92,Bet365,盘口3,1.15,半球,0.68,1.20,半球,0.65
894,92,Bet365,盘口4,1.60,半球/一球,0.47,1.60,半球/一球,0.47
895,92,韦德,盘口1,0.94,平手/半球,0.97,0.94,平手/半球,0.97
896,92,韦德,盘口2,1.27,半球,0.72,1.25,半球,0.72
897,92,韦德,盘口3,0.61,平手,1.50,0.60,平手,1.48
898,92,明陞,盘口1,1.11,半球,0.80,0.99,平手/半球,0.93
899,92,明陞,盘口2,0.67,平手,1.33,1.32,半球,0.68
900,92,10BET,盘口1,1.10,半球,0.81,0.97,平手/半球,0.92
901,92,10BET,盘口2,1.08,半球,0.79,1.29,半球,0.66
902,92,10BET,盘口3,1.53,半球/一球,0.55,0.58,平手,1.44
903,92,10BET,盘口4,1.80,半球/一球,0.46,1.80,半球/一球,0.46
904,92,金宝博,盘口1,0.90,平手/半球,1.00,0.95,平手/半球,0.95
905,92,金宝博,盘口2,1.25,半球,0.70,1.23,半球,0.71
906,92,金宝博,盘口3,0.61,平手,1.40,0.64,平手,1.35
907,92,12bet,盘口1,1.11,半球,0.80,0.99,平手/半球,0.93
908,92,12bet,盘口2,0.67,平手,1.33,1.32,半球,0.68
909,92,利记,盘口1,0.85,平手/半球,1.05,0.98,平手/半球,0.94
910,92,利记,盘口2,0.65,平手,1.36,0.65,平手,1.36
911,92,盈禾,盘口1,0.91,平手/半球,0.98,0.96,平手/半球,0.93
912,92,盈禾,盘口2,1.23,半球,0.70,1.23,半球,0.70
913,92,盈禾,盘口3,0.61,平手,1.39,0.64,平手,1.34
914,92,盈禾,盘口4,0.64,平手,1.34,0.64,平手,1.34
915,92,18Bet,盘口1,0.92,平手/半球,0.99,0.96,平手/半球,0.92
916,92,18Bet,盘口2,1.23,半球,0.71,1.26,半球,0.70
917,92,18Bet,盘口3,0.61,平手,1.40,0.64,平手,1.36
918,93,ManbetX,盘口1,1.08,平手,0.82,1.09,平手,0.81
919,93,ManbetX,盘口2,0.75,受让平手/半球,1.17,0.76,受让平手/半球,1.16
920,93,Crown,盘口1,1.03,平手,0.85,1.07,平手,0.81
921,93,Crown,盘口2,0.75,受让平手/半球,1.14,0.76,受让平手/半球,1.13
922,93,Bet365,盘口1,1.10,平手,0.83,1.10,平手,0.83
923,93,Bet365,盘口2,0.68,受让平手/半球,1.15,0.68,受让平手/半球,1.15
924,93,Bet365,盘口3,1.38,平手/半球,0.55,1.38,平手/半球,0.55
925,93,Bet365,盘口4,1.75,半球,0.43,1.75,半球,0.43
926,93,韦德,盘口1,1.06,平手,0.86,1.11,平手,0.82
927,93,韦德,盘口2,0.74,受让平手/半球,1.24,0.76,受让平手/半球,1.18
928,93,韦德,盘口3,1.48,平手/半球,0.62,1.51,平手/半球,0.59
929,93,明陞,盘口1,1.11,平手,0.80,1.09,平手,0.82
930,93,10BET,盘口1,1.10,平手,0.81,1.07,平手,0.84
931,93,10BET,盘口2,0.66,受让平手/半球,1.30,0.69,受让平手/半球,1.22
932,93,10BET,盘口3,1.51,平手/半球,0.55,1.50,平手/半球,0.56
933,93,10BET,盘口4,0.52,受让半球,1.61,0.52,受让半球,1.61
934,93,金宝博,盘口1,1.05,平手,0.85,1.09,平手,0.81
935,93,金宝博,盘口2,0.76,受让平手/半球,1.16,0.76,受让平手/半球,1.16
936,93,12bet,盘口1,1.11,平手,0.80,1.09,平手,0.82
937,93,利记,盘口1,1.03,平手,0.87,1.09,平手,0.81
938,93,盈禾,盘口1,1.04,平手,0.85,1.08,平手,0.81
939,93,盈禾,盘口2,0.76,受让平手/半球,1.15,0.77,受让平手/半球,1.13
940,93,18Bet,盘口1,1.11,平手,0.80,1.08,平手,0.81
941,93,18Bet,盘口2,0.74,受让平手/半球,1.19,0.77,受让平手/半球,1.15
942,94,ManbetX,盘口1,1.03,平手,0.87,1.03,平手,0.87
943,94,ManbetX,盘口2,0.73,受让平手/半球,1.20,0.73,受让平手/半球,1.20
944,94,Crown,盘口1,0.98,平手,0.90,1.02,平手,0.86
945,94,Crown,盘口2,0.71,受让平手/半球,1.20,0.72,受让平手/半球,1.19
946,94,Bet365,盘口1,1.04,平手,0.89,1.04,平手,0.89
947,94,Bet365,盘口2,0.62,受让平手/半球,1.25,0.62,受让平手/半球,1.25
948,94,Bet365,盘口3,1.35,平手/半球,0.57,1.35,平手/半球,0.57
949,94,Bet365,盘口4,1.75,半球,0.43,1.75,半球,0.43
950,94,韦德,盘口1,0.99,平手,0.91,1.04,平手,0.88
951,94,韦德,盘口2,0.70,受让平手/半球,1.28,0.72,受让平手/半球,1.24
952,94,韦德,盘口3,1.40,平手/半球,0.65,1.44,平手/半球,0.62
953,94,明陞,盘口1,0.95,平手,0.95,1.03,平手,0.87
954,94,10BET,盘口1,0.95,平手,0.95,1.03,平手,0.87
955,94,10BET,盘口2,1.33,平手/半球,0.64,0.69,受让平手/半球,1.22
956,94,10BET,盘口3,1.39,平手/半球,0.61,1.39,平手/半球,0.61
957,94,10BET,盘口4,0.49,受让半球,1.69,0.49,受让半球,1.69
958,94,金宝博,盘口1,1.02,平手,0.88,1.03,平手,0.87
959,94,金宝博,盘口2,0.72,受让平手/半球,1.21,0.73,受让平手/半球,1.20
960,94,12bet,盘口1,0.95,平手,0.95,1.03,平手,0.87
961,94,利记,盘口1,0.94,平手,0.96,1.03,平手,0.87
962,94,盈禾,盘口1,1.02,平手,0.87,1.03,平手,0.86
963,94,盈禾,盘口2,0.72,受让平手/半球,1.20,0.73,受让平手/半球,1.19
964,94,18Bet,盘口1,0.95,平手,0.95,1.02,平手,0.86
965,94,18Bet,盘口2,0.72,受让平手/半球,1.21,0.73,受让平手/半球,1.20
966,95,韦德,盘口1,1.02,受让半球,0.90,1.01,受让半球,0.90
967,95,韦德,盘口2,0.77,受让半球/一球,1.19,0.76,受让半球/一球,1.18
968,95,韦德,盘口3,1.39,受让平手/半球,0.66,1.38,受让平手/半球,0.65
969,96,韦德,盘口1,0.87,受让半球,1.05,0.89,受让半球,1.03
970,96,韦德,盘口2,1.18,受让平手/半球,0.77,1.20,受让平手/半球,0.75
971,96,韦德,盘口3,0.65,受让半球/一球,1.41,0.65,受让半球/一球,1.38
